<?xml version="1.0" encoding="UTF-8"?>
<!DOCTYPE hibernate-configuration PUBLIC "-//Hibernate/Hibernate Configuration DTD 3.0//EN"
                                         "http://www.hibernate.org/dtd/hibernate-configuration-3.0.dtd">
<hibernate-configuration>
 <session-factory name="">
  <property name="hibernate.connection.driver_class">com.mysql.jdbc.Driver</property>
  <property name="hibernate.connection.password">root12345</property>
  <property name="hibernate.connection.url">jdbc:mysql://localhost/LearnersAcademy</property>
  <property name="hibernate.connection.username">root</property>
  <property name="hibernate.dialect">org.hibernate.dialect.MySQL8Dialect</property>
   <!-- orm level config -->
        <property name="hbm2ddl.auto">update</property>
        <property name="show_sql">true</property>
        <mapping class="com.caltech.pojo.User"/>
        <mapping class="com.caltech.pojo.Classes"/>
         <mapping class="com.caltech.pojo.Teacher"/>
          <mapping class="com.caltech.pojo.Subjects"/>
          <mapping class="com.caltech.pojo.ClassTeacherSubject"/>
           <mapping class="com.caltech.pojo.Student"/>
 </session-factory>
</hibernate-configuration>
